-- MySQL dump 10.13  Distrib 5.1.62, for debian-linux-gnu (x86_64)
--
-- Host: localhost    Database: geelbe_ar
-- ------------------------------------------------------
-- Server version	5.1.62-0ubuntu0.10.04.1

/*!40101 SET @OLD_CHARACTER_SET_CLIENT=@@CHARACTER_SET_CLIENT */;
/*!40101 SET @OLD_CHARACTER_SET_RESULTS=@@CHARACTER_SET_RESULTS */;
/*!40101 SET @OLD_COLLATION_CONNECTION=@@COLLATION_CONNECTION */;
/*!40101 SET NAMES utf8 */;
/*!40103 SET @OLD_TIME_ZONE=@@TIME_ZONE */;
/*!40103 SET TIME_ZONE='+00:00' */;
/*!40014 SET @OLD_UNIQUE_CHECKS=@@UNIQUE_CHECKS, UNIQUE_CHECKS=0 */;
/*!40014 SET @OLD_FOREIGN_KEY_CHECKS=@@FOREIGN_KEY_CHECKS, FOREIGN_KEY_CHECKS=0 */;
/*!40101 SET @OLD_SQL_MODE=@@SQL_MODE, SQL_MODE='NO_AUTO_VALUE_ON_ZERO' */;
/*!40111 SET @OLD_SQL_NOTES=@@SQL_NOTES, SQL_NOTES=0 */;

--
-- Table structure for table `dhl_pesos`
--

DROP TABLE IF EXISTS `dhl_pesos`;
/*!40101 SET @saved_cs_client     = @@character_set_client */;
/*!40101 SET character_set_client = utf8 */;
CREATE TABLE `dhl_pesos` (
  `IdPeso` bigint(20) unsigned NOT NULL AUTO_INCREMENT,
  `Desde` decimal(10,2) NOT NULL DEFAULT '0.00',
  `Hasta` decimal(10,2) NOT NULL DEFAULT '0.00',
  PRIMARY KEY (`IdPeso`)
) ENGINE=InnoDB AUTO_INCREMENT=401 DEFAULT CHARSET=latin1;
/*!40101 SET character_set_client = @saved_cs_client */;

--
-- Dumping data for table `dhl_pesos`
--

LOCK TABLES `dhl_pesos` WRITE;
/*!40000 ALTER TABLE `dhl_pesos` DISABLE KEYS */;
INSERT INTO `dhl_pesos` VALUES (1,'0.00','0.50'),(2,'0.50','1.00'),(3,'1.00','1.50'),(4,'1.50','2.00'),(5,'2.00','2.50'),(6,'2.50','3.00'),(7,'3.00','3.50'),(8,'3.50','4.00'),(9,'4.00','4.50'),(10,'4.50','5.00'),(11,'5.00','5.50'),(12,'5.50','6.00'),(13,'6.00','6.50'),(14,'6.50','7.00'),(15,'7.00','7.50'),(16,'7.50','8.00'),(17,'8.00','8.50'),(18,'8.50','9.00'),(19,'9.00','9.50'),(20,'9.50','10.00'),(21,'10.00','10.50'),(22,'10.50','11.00'),(23,'11.00','11.50'),(24,'11.50','12.00'),(25,'12.00','12.50'),(26,'12.50','13.00'),(27,'13.00','13.50'),(28,'13.50','14.00'),(29,'14.00','14.50'),(30,'14.50','15.00'),(31,'15.00','15.50'),(32,'15.50','16.00'),(33,'16.00','16.50'),(34,'16.50','17.00'),(35,'17.00','17.50'),(36,'17.50','18.00'),(37,'18.00','18.50'),(38,'18.50','19.00'),(39,'19.00','19.50'),(40,'19.50','20.00'),(41,'20.00','20.50'),(42,'20.50','21.00'),(43,'21.00','21.50'),(44,'21.50','22.00'),(45,'22.00','22.50'),(46,'22.50','23.00'),(47,'23.00','23.50'),(48,'23.50','24.00'),(49,'24.00','24.50'),(50,'24.50','25.00'),(51,'25.00','25.50'),(52,'25.50','26.00'),(53,'26.00','26.50'),(54,'26.50','27.00'),(55,'27.00','27.50'),(56,'27.50','28.00'),(57,'28.00','28.50'),(58,'28.50','29.00'),(59,'29.00','29.50'),(60,'29.50','30.00'),(61,'30.00','30.50'),(62,'30.50','31.00'),(63,'31.00','31.50'),(64,'31.50','32.00'),(65,'32.00','32.50'),(66,'32.50','33.00'),(67,'33.00','33.50'),(68,'33.50','34.00'),(69,'34.00','34.50'),(70,'34.50','35.00'),(71,'35.00','35.50'),(72,'35.50','36.00'),(73,'36.00','36.50'),(74,'36.50','37.00'),(75,'37.00','37.50'),(76,'37.50','38.00'),(77,'38.00','38.50'),(78,'38.50','39.00'),(79,'39.00','39.50'),(80,'39.50','40.00'),(81,'40.00','40.50'),(82,'40.50','41.00'),(83,'41.00','41.50'),(84,'41.50','42.00'),(85,'42.00','42.50'),(86,'42.50','43.00'),(87,'43.00','43.50'),(88,'43.50','44.00'),(89,'44.00','44.50'),(90,'44.50','45.00'),(91,'45.00','45.50'),(92,'45.50','46.00'),(93,'46.00','46.50'),(94,'46.50','47.00'),(95,'47.00','47.50'),(96,'47.50','48.00'),(97,'48.00','48.50'),(98,'48.50','49.00'),(99,'49.00','49.50'),(100,'49.50','50.00'),(101,'50.00','50.50'),(102,'50.50','51.00'),(103,'51.00','51.50'),(104,'51.50','52.00'),(105,'52.00','52.50'),(106,'52.50','53.00'),(107,'53.00','53.50'),(108,'53.50','54.00'),(109,'54.00','54.50'),(110,'54.50','55.00'),(111,'55.00','55.50'),(112,'55.50','56.00'),(113,'56.00','56.50'),(114,'56.50','57.00'),(115,'57.00','57.50'),(116,'57.50','58.00'),(117,'58.00','58.50'),(118,'58.50','59.00'),(119,'59.00','59.50'),(120,'59.50','60.00'),(121,'60.00','60.50'),(122,'60.50','61.00'),(123,'61.00','61.50'),(124,'61.50','62.00'),(125,'62.00','62.50'),(126,'62.50','63.00'),(127,'63.00','63.50'),(128,'63.50','64.00'),(129,'64.00','64.50'),(130,'64.50','65.00'),(131,'65.00','65.50'),(132,'65.50','66.00'),(133,'66.00','66.50'),(134,'66.50','67.00'),(135,'67.00','67.50'),(136,'67.50','68.00'),(137,'68.00','68.50'),(138,'68.50','69.00'),(139,'69.00','69.50'),(140,'69.50','70.00'),(141,'70.00','70.50'),(142,'70.50','71.00'),(143,'71.00','71.50'),(144,'71.50','72.00'),(145,'72.00','72.50'),(146,'72.50','73.00'),(147,'73.00','73.50'),(148,'73.50','74.00'),(149,'74.00','74.50'),(150,'74.50','75.00'),(151,'75.00','75.50'),(152,'75.50','76.00'),(153,'76.00','76.50'),(154,'76.50','77.00'),(155,'77.00','77.50'),(156,'77.50','78.00'),(157,'78.00','78.50'),(158,'78.50','79.00'),(159,'79.00','79.50'),(160,'79.50','80.00'),(161,'80.00','80.50'),(162,'80.50','81.00'),(163,'81.00','81.50'),(164,'81.50','82.00'),(165,'82.00','82.50'),(166,'82.50','83.00'),(167,'83.00','83.50'),(168,'83.50','84.00'),(169,'84.00','84.50'),(170,'84.50','85.00'),(171,'85.00','85.50'),(172,'85.50','86.00'),(173,'86.00','86.50'),(174,'86.50','87.00'),(175,'87.00','87.50'),(176,'87.50','88.00'),(177,'88.00','88.50'),(178,'88.50','89.00'),(179,'89.00','89.50'),(180,'89.50','90.00'),(181,'90.00','90.50'),(182,'90.50','91.00'),(183,'91.00','91.50'),(184,'91.50','92.00'),(185,'92.00','92.50'),(186,'92.50','93.00'),(187,'93.00','93.50'),(188,'93.50','94.00'),(189,'94.00','94.50'),(190,'94.50','95.00'),(191,'95.00','95.50'),(192,'95.50','96.00'),(193,'96.00','96.50'),(194,'96.50','97.00'),(195,'97.00','97.50'),(196,'97.50','98.00'),(197,'98.00','98.50'),(198,'98.50','99.00'),(199,'99.00','99.50'),(200,'99.50','100.00'),(201,'100.00','100.50'),(202,'100.50','101.00'),(203,'101.00','101.50'),(204,'101.50','102.00'),(205,'102.00','102.50'),(206,'102.50','103.00'),(207,'103.00','103.50'),(208,'103.50','104.00'),(209,'104.00','104.50'),(210,'104.50','105.00'),(211,'105.00','105.50'),(212,'105.50','106.00'),(213,'106.00','106.50'),(214,'106.50','107.00'),(215,'107.00','107.50'),(216,'107.50','108.00'),(217,'108.00','108.50'),(218,'108.50','109.00'),(219,'109.00','109.50'),(220,'109.50','110.00'),(221,'110.00','110.50'),(222,'110.50','111.00'),(223,'111.00','111.50'),(224,'111.50','112.00'),(225,'112.00','112.50'),(226,'112.50','113.00'),(227,'113.00','113.50'),(228,'113.50','114.00'),(229,'114.00','114.50'),(230,'114.50','115.00'),(231,'115.00','115.50'),(232,'115.50','116.00'),(233,'116.00','116.50'),(234,'116.50','117.00'),(235,'117.00','117.50'),(236,'117.50','118.00'),(237,'118.00','118.50'),(238,'118.50','119.00'),(239,'119.00','119.50'),(240,'119.50','120.00'),(241,'120.00','120.50'),(242,'120.50','121.00'),(243,'121.00','121.50'),(244,'121.50','122.00'),(245,'122.00','122.50'),(246,'122.50','123.00'),(247,'123.00','123.50'),(248,'123.50','124.00'),(249,'124.00','124.50'),(250,'124.50','125.00'),(251,'125.00','125.50'),(252,'125.50','126.00'),(253,'126.00','126.50'),(254,'126.50','127.00'),(255,'127.00','127.50'),(256,'127.50','128.00'),(257,'128.00','128.50'),(258,'128.50','129.00'),(259,'129.00','129.50'),(260,'129.50','130.00'),(261,'130.00','130.50'),(262,'130.50','131.00'),(263,'131.00','131.50'),(264,'131.50','132.00'),(265,'132.00','132.50'),(266,'132.50','133.00'),(267,'133.00','133.50'),(268,'133.50','134.00'),(269,'134.00','134.50'),(270,'134.50','135.00'),(271,'135.00','135.50'),(272,'135.50','136.00'),(273,'136.00','136.50'),(274,'136.50','137.00'),(275,'137.00','137.50'),(276,'137.50','138.00'),(277,'138.00','138.50'),(278,'138.50','139.00'),(279,'139.00','139.50'),(280,'139.50','140.00'),(281,'140.00','140.50'),(282,'140.50','141.00'),(283,'141.00','141.50'),(284,'141.50','142.00'),(285,'142.00','142.50'),(286,'142.50','143.00'),(287,'143.00','143.50'),(288,'143.50','144.00'),(289,'144.00','144.50'),(290,'144.50','145.00'),(291,'145.00','145.50'),(292,'145.50','146.00'),(293,'146.00','146.50'),(294,'146.50','147.00'),(295,'147.00','147.50'),(296,'147.50','148.00'),(297,'148.00','148.50'),(298,'148.50','149.00'),(299,'149.00','149.50'),(300,'149.50','150.00'),(301,'150.00','150.50'),(302,'150.50','151.00'),(303,'151.00','151.50'),(304,'151.50','152.00'),(305,'152.00','152.50'),(306,'152.50','153.00'),(307,'153.00','153.50'),(308,'153.50','154.00'),(309,'154.00','154.50'),(310,'154.50','155.00'),(311,'155.00','155.50'),(312,'155.50','156.00'),(313,'156.00','156.50'),(314,'156.50','157.00'),(315,'157.00','157.50'),(316,'157.50','158.00'),(317,'158.00','158.50'),(318,'158.50','159.00'),(319,'159.00','159.50'),(320,'159.50','160.00'),(321,'160.00','160.50'),(322,'160.50','161.00'),(323,'161.00','161.50'),(324,'161.50','162.00'),(325,'162.00','162.50'),(326,'162.50','163.00'),(327,'163.00','163.50'),(328,'163.50','164.00'),(329,'164.00','164.50'),(330,'164.50','165.00'),(331,'165.00','165.50'),(332,'165.50','166.00'),(333,'166.00','166.50'),(334,'166.50','167.00'),(335,'167.00','167.50'),(336,'167.50','168.00'),(337,'168.00','168.50'),(338,'168.50','169.00'),(339,'169.00','169.50'),(340,'169.50','170.00'),(341,'170.00','170.50'),(342,'170.50','171.00'),(343,'171.00','171.50'),(344,'171.50','172.00'),(345,'172.00','172.50'),(346,'172.50','173.00'),(347,'173.00','173.50'),(348,'173.50','174.00'),(349,'174.00','174.50'),(350,'174.50','175.00'),(351,'175.00','175.50'),(352,'175.50','176.00'),(353,'176.00','176.50'),(354,'176.50','177.00'),(355,'177.00','177.50'),(356,'177.50','178.00'),(357,'178.00','178.50'),(358,'178.50','179.00'),(359,'179.00','179.50'),(360,'179.50','180.00'),(361,'180.00','180.50'),(362,'180.50','181.00'),(363,'181.00','181.50'),(364,'181.50','182.00'),(365,'182.00','182.50'),(366,'182.50','183.00'),(367,'183.00','183.50'),(368,'183.50','184.00'),(369,'184.00','184.50'),(370,'184.50','185.00'),(371,'185.00','185.50'),(372,'185.50','186.00'),(373,'186.00','186.50'),(374,'186.50','187.00'),(375,'187.00','187.50'),(376,'187.50','188.00'),(377,'188.00','188.50'),(378,'188.50','189.00'),(379,'189.00','189.50'),(380,'189.50','190.00'),(381,'190.00','190.50'),(382,'190.50','191.00'),(383,'191.00','191.50'),(384,'191.50','192.00'),(385,'192.00','192.50'),(386,'192.50','193.00'),(387,'193.00','193.50'),(388,'193.50','194.00'),(389,'194.00','194.50'),(390,'194.50','195.00'),(391,'195.00','195.50'),(392,'195.50','196.00'),(393,'196.00','196.50'),(394,'196.50','197.00'),(395,'197.00','197.50'),(396,'197.50','198.00'),(397,'198.00','198.50'),(398,'198.50','199.00'),(399,'199.00','199.50'),(400,'199.50','200.00');
/*!40000 ALTER TABLE `dhl_pesos` ENABLE KEYS */;
UNLOCK TABLES;

--
-- Table structure for table `dhl_precios`
--

DROP TABLE IF EXISTS `dhl_precios`;
/*!40101 SET @saved_cs_client     = @@character_set_client */;
/*!40101 SET character_set_client = utf8 */;
CREATE TABLE `dhl_precios` (
  `IdPeso` bigint(20) unsigned NOT NULL,
  `IdZona` bigint(20) unsigned NOT NULL,
  `Tarifa` decimal(10,2) NOT NULL,
  `TarifaKG` decimal(10,2) NOT NULL,
  PRIMARY KEY (`IdPeso`,`IdZona`),
  KEY `FK_dhl_precios1` (`IdZona`),
  CONSTRAINT `FK_dhl_precios` FOREIGN KEY (`IdPeso`) REFERENCES `dhl_pesos` (`IdPeso`),
  CONSTRAINT `FK_dhl_precios1` FOREIGN KEY (`IdZona`) REFERENCES `dhl_zonas` (`IdZona`)
) ENGINE=InnoDB DEFAULT CHARSET=latin1;
/*!40101 SET character_set_client = @saved_cs_client */;

--
-- Dumping data for table `dhl_precios`
--

LOCK TABLES `dhl_precios` WRITE;
/*!40000 ALTER TABLE `dhl_precios` DISABLE KEYS */;
INSERT INTO `dhl_precios` VALUES (1,1,'35.38','1.98'),(1,2,'50.12','3.59'),(1,3,'61.72','6.58'),(1,4,'70.82','8.40'),(1,5,'76.87','9.90'),(2,1,'36.79','1.98'),(2,2,'52.49','3.59'),(2,3,'64.86','6.58'),(2,4,'74.54','8.40'),(2,5,'80.89','9.90'),(3,1,'38.20','1.98'),(3,2,'54.86','3.59'),(3,3,'68.00','6.58'),(3,4,'78.25','8.40'),(3,5,'84.92','9.90'),(4,1,'39.61','1.98'),(4,2,'57.23','3.59'),(4,3,'71.15','6.58'),(4,4,'81.96','8.40'),(4,5,'88.94','9.90'),(5,1,'41.02','1.98'),(5,2,'59.60','3.59'),(5,3,'74.29','6.58'),(5,4,'85.68','8.40'),(5,5,'92.97','9.90'),(6,1,'42.24','1.98'),(6,2,'61.95','3.59'),(6,3,'78.66','6.58'),(6,4,'90.76','8.40'),(6,5,'98.74','9.90'),(7,1,'43.46','1.98'),(7,2,'64.29','3.59'),(7,3,'83.02','6.58'),(7,4,'95.84','8.40'),(7,5,'104.51','9.90'),(8,1,'44.68','1.98'),(8,2,'66.64','3.59'),(8,3,'87.38','6.58'),(8,4,'100.92','8.40'),(8,5,'110.29','9.90'),(9,1,'45.90','1.98'),(9,2,'68.98','3.59'),(9,3,'91.75','6.58'),(9,4,'106.00','8.40'),(9,5,'116.06','9.90'),(10,1,'47.12','1.98'),(10,2,'71.32','3.59'),(10,3,'96.11','6.58'),(10,4,'111.09','8.40'),(10,5,'121.83','9.90'),(11,1,'47.77','1.98'),(11,2,'74.29','3.59'),(11,3,'101.44','6.58'),(11,4,'116.94','8.40'),(11,5,'127.32','9.90'),(12,1,'48.42','1.98'),(12,2,'77.26','3.59'),(12,3,'106.76','6.58'),(12,4,'122.79','8.40'),(12,5,'132.81','9.90'),(13,1,'49.07','1.98'),(13,2,'80.23','3.59'),(13,3,'112.09','6.58'),(13,4,'128.65','8.40'),(13,5,'138.30','9.90'),(14,1,'49.72','1.98'),(14,2,'83.20','3.59'),(14,3,'117.41','6.58'),(14,4,'134.50','8.40'),(14,5,'143.79','9.90'),(15,1,'50.37','1.98'),(15,2,'86.16','3.59'),(15,3,'122.74','6.58'),(15,4,'140.36','8.40'),(15,5,'149.28','9.90'),(16,1,'51.02','1.98'),(16,2,'89.13','3.59'),(16,3,'128.07','6.58'),(16,4,'146.21','8.40'),(16,5,'154.76','9.90'),(17,1,'51.67','1.98'),(17,2,'92.10','3.59'),(17,3,'133.39','6.58'),(17,4,'152.07','8.40'),(17,5,'160.25','9.90'),(18,1,'52.32','1.98'),(18,2,'95.07','3.59'),(18,3,'138.72','6.58'),(18,4,'157.92','8.40'),(18,5,'165.74','9.90'),(19,1,'52.97','1.98'),(19,2,'98.04','3.59'),(19,3,'144.04','6.58'),(19,4,'163.78','8.40'),(19,5,'171.23','9.90'),(20,1,'53.63','1.98'),(20,2,'101.00','3.59'),(20,3,'149.37','6.58'),(20,4,'169.63','8.40'),(20,5,'176.72','9.90'),(21,1,'54.32','1.98'),(21,2,'103.93','3.59'),(21,3,'155.54','6.58'),(21,4,'176.34','8.40'),(21,5,'183.91','9.90'),(22,1,'55.01','1.98'),(22,2,'106.86','3.59'),(22,3,'161.70','6.58'),(22,4,'183.05','8.40'),(22,5,'191.11','9.90'),(23,1,'55.70','1.98'),(23,2,'109.78','3.59'),(23,3,'167.87','6.58'),(23,4,'189.76','8.40'),(23,5,'198.31','9.90'),(24,1,'56.39','1.98'),(24,2,'112.71','3.59'),(24,3,'174.03','6.58'),(24,4,'196.46','8.40'),(24,5,'205.50','9.90'),(25,1,'57.08','1.98'),(25,2,'115.64','3.59'),(25,3,'180.20','6.58'),(25,4,'203.17','8.40'),(25,5,'212.70','9.90'),(26,1,'57.77','1.98'),(26,2,'118.57','3.59'),(26,3,'186.37','6.58'),(26,4,'209.88','8.40'),(26,5,'219.89','9.90'),(27,1,'58.46','1.98'),(27,2,'121.49','3.59'),(27,3,'192.53','6.58'),(27,4,'216.59','8.40'),(27,5,'227.09','9.90'),(28,1,'59.15','1.98'),(28,2,'124.42','3.59'),(28,3,'198.70','6.58'),(28,4,'223.30','8.40'),(28,5,'234.29','9.90'),(29,1,'59.85','1.98'),(29,2,'127.35','3.59'),(29,3,'204.87','6.58'),(29,4,'230.00','8.40'),(29,5,'241.48','9.90'),(30,1,'60.54','1.98'),(30,2,'130.28','3.59'),(30,3,'211.03','6.58'),(30,4,'236.71','8.40'),(30,5,'248.68','9.90'),(31,1,'61.23','1.98'),(31,2,'133.20','3.59'),(31,3,'217.20','6.58'),(31,4,'243.42','8.40'),(31,5,'255.88','9.90'),(32,1,'61.92','1.98'),(32,2,'136.13','3.59'),(32,3,'223.36','6.58'),(32,4,'250.13','8.40'),(32,5,'263.07','9.90'),(33,1,'62.61','1.98'),(33,2,'139.06','3.59'),(33,3,'229.53','6.58'),(33,4,'256.84','8.40'),(33,5,'270.27','9.90'),(34,1,'63.30','1.98'),(34,2,'141.98','3.59'),(34,3,'235.70','6.58'),(34,4,'263.55','8.40'),(34,5,'277.46','9.90'),(35,1,'63.99','1.98'),(35,2,'144.91','3.59'),(35,3,'241.86','6.58'),(35,4,'270.25','8.40'),(35,5,'284.66','9.90'),(36,1,'64.68','1.98'),(36,2,'147.84','3.59'),(36,3,'248.03','6.58'),(36,4,'276.96','8.40'),(36,5,'291.86','9.90'),(37,1,'65.37','1.98'),(37,2,'150.77','3.59'),(37,3,'254.19','6.58'),(37,4,'283.67','8.40'),(37,5,'299.05','9.90'),(38,1,'66.07','1.98'),(38,2,'153.69','3.59'),(38,3,'260.36','6.58'),(38,4,'290.38','8.40'),(38,5,'306.25','9.90'),(39,1,'66.76','1.98'),(39,2,'156.62','3.59'),(39,3,'266.53','6.58'),(39,4,'297.09','8.40'),(39,5,'313.44','9.90'),(40,1,'67.45','1.98'),(40,2,'159.55','3.59'),(40,3,'272.69','6.58'),(40,4,'303.80','8.40'),(40,5,'320.64','9.90'),(41,1,'68.14','1.98'),(41,2,'162.47','3.59'),(41,3,'279.09','6.58'),(41,4,'309.88','8.40'),(41,5,'328.05','9.90'),(42,1,'68.83','1.98'),(42,2,'165.40','3.59'),(42,3,'285.49','6.58'),(42,4,'315.96','8.40'),(42,5,'335.47','9.90'),(43,1,'69.52','1.98'),(43,2,'168.33','3.59'),(43,3,'291.88','6.58'),(43,4,'322.05','8.40'),(43,5,'342.88','9.90'),(44,1,'70.21','1.98'),(44,2,'171.26','3.59'),(44,3,'298.28','6.58'),(44,4,'328.13','8.40'),(44,5,'350.29','9.90'),(45,1,'70.90','1.98'),(45,2,'174.18','3.59'),(45,3,'304.68','6.58'),(45,4,'334.22','8.40'),(45,5,'357.71','9.90'),(46,1,'71.60','1.98'),(46,2,'177.11','3.59'),(46,3,'311.07','6.58'),(46,4,'340.30','8.40'),(46,5,'365.12','9.90'),(47,1,'72.29','1.98'),(47,2,'180.04','3.59'),(47,3,'317.47','6.58'),(47,4,'346.39','8.40'),(47,5,'372.53','9.90'),(48,1,'72.98','1.98'),(48,2,'182.97','3.59'),(48,3,'323.87','6.58'),(48,4,'352.47','8.40'),(48,5,'379.94','9.90'),(49,1,'73.67','1.98'),(49,2,'185.89','3.59'),(49,3,'330.26','6.58'),(49,4,'358.56','8.40'),(49,5,'387.36','9.90'),(50,1,'74.36','1.98'),(50,2,'188.82','3.59'),(50,3,'336.66','6.58'),(50,4,'364.64','8.40'),(50,5,'394.77','9.90'),(51,1,'75.05','1.98'),(51,2,'191.75','3.59'),(51,3,'343.06','6.58'),(51,4,'370.73','8.40'),(51,5,'402.18','9.90'),(52,1,'75.74','1.98'),(52,2,'194.67','3.59'),(52,3,'349.45','6.58'),(52,4,'376.81','8.40'),(52,5,'409.60','9.90'),(53,1,'76.43','1.98'),(53,2,'197.60','3.59'),(53,3,'355.85','6.58'),(53,4,'382.90','8.40'),(53,5,'417.01','9.90'),(54,1,'77.12','1.98'),(54,2,'200.53','3.59'),(54,3,'362.24','6.58'),(54,4,'388.98','8.40'),(54,5,'424.42','9.90'),(55,1,'77.82','1.98'),(55,2,'203.46','3.59'),(55,3,'368.64','6.58'),(55,4,'395.07','8.40'),(55,5,'431.83','9.90'),(56,1,'78.51','1.98'),(56,2,'206.38','3.59'),(56,3,'375.04','6.58'),(56,4,'401.15','8.40'),(56,5,'439.25','9.90'),(57,1,'79.20','1.98'),(57,2,'209.31','3.59'),(57,3,'381.43','6.58'),(57,4,'407.24','8.40'),(57,5,'446.66','9.90'),(58,1,'79.89','1.98'),(58,2,'212.24','3.59'),(58,3,'387.83','6.58'),(58,4,'413.32','8.40'),(58,5,'454.07','9.90'),(59,1,'80.58','1.98'),(59,2,'215.17','3.59'),(59,3,'394.23','6.58'),(59,4,'419.41','8.40'),(59,5,'461.49','9.90'),(60,1,'81.27','1.98'),(60,2,'218.09','3.59'),(60,3,'400.62','6.58'),(60,4,'425.49','8.40'),(60,5,'468.90','9.90'),(61,1,'82.06','1.98'),(61,2,'219.96','3.59'),(61,3,'402.16','6.58'),(61,4,'428.15','8.40'),(61,5,'473.07','9.90'),(62,1,'82.84','1.98'),(62,2,'221.83','3.59'),(62,3,'403.69','6.58'),(62,4,'430.80','8.40'),(62,5,'477.25','9.90'),(63,1,'83.63','1.98'),(63,2,'223.70','3.59'),(63,3,'405.22','6.58'),(63,4,'433.46','8.40'),(63,5,'481.42','9.90'),(64,1,'84.42','1.98'),(64,2,'225.57','3.59'),(64,3,'406.75','6.58'),(64,4,'436.12','8.40'),(64,5,'485.60','9.90'),(65,1,'85.20','1.98'),(65,2,'227.44','3.59'),(65,3,'408.28','6.58'),(65,4,'438.77','8.40'),(65,5,'489.77','9.90'),(66,1,'85.99','1.98'),(66,2,'229.31','3.59'),(66,3,'409.81','6.58'),(66,4,'441.43','8.40'),(66,5,'493.94','9.90'),(67,1,'86.77','1.98'),(67,2,'231.18','3.59'),(67,3,'411.34','6.58'),(67,4,'444.09','8.40'),(67,5,'498.12','9.90'),(68,1,'87.56','1.98'),(68,2,'233.05','3.59'),(68,3,'412.88','6.58'),(68,4,'446.74','8.40'),(68,5,'502.29','9.90'),(69,1,'88.35','1.98'),(69,2,'234.92','3.59'),(69,3,'414.41','6.58'),(69,4,'449.40','8.40'),(69,5,'506.47','9.90'),(70,1,'89.13','1.98'),(70,2,'236.79','3.59'),(70,3,'415.94','6.58'),(70,4,'452.05','8.40'),(70,5,'510.64','9.90'),(71,1,'89.92','1.98'),(71,2,'238.66','3.59'),(71,3,'417.47','6.58'),(71,4,'454.71','8.40'),(71,5,'514.81','9.90'),(72,1,'90.70','1.98'),(72,2,'240.53','3.59'),(72,3,'419.00','6.58'),(72,4,'457.37','8.40'),(72,5,'518.99','9.90'),(73,1,'91.49','1.98'),(73,2,'242.40','3.59'),(73,3,'420.53','6.58'),(73,4,'460.02','8.40'),(73,5,'523.16','9.90'),(74,1,'92.28','1.98'),(74,2,'244.27','3.59'),(74,3,'422.06','6.58'),(74,4,'462.68','8.40'),(74,5,'527.34','9.90'),(75,1,'93.06','1.98'),(75,2,'246.14','3.59'),(75,3,'423.59','6.58'),(75,4,'465.34','8.40'),(75,5,'531.51','9.90'),(76,1,'93.85','1.98'),(76,2,'248.02','3.59'),(76,3,'425.13','6.58'),(76,4,'467.99','8.40'),(76,5,'535.68','9.90'),(77,1,'94.63','1.98'),(77,2,'249.89','3.59'),(77,3,'426.66','6.58'),(77,4,'470.65','8.40'),(77,5,'539.86','9.90'),(78,1,'95.42','1.98'),(78,2,'251.76','3.59'),(78,3,'428.19','6.58'),(78,4,'473.30','8.40'),(78,5,'544.03','9.90'),(79,1,'96.21','1.98'),(79,2,'253.63','3.59'),(79,3,'429.72','6.58'),(79,4,'475.96','8.40'),(79,5,'548.21','9.90'),(80,1,'96.99','1.98'),(80,2,'255.50','3.59'),(80,3,'431.25','6.58'),(80,4,'478.62','8.40'),(80,5,'552.38','9.90'),(81,1,'97.78','1.98'),(81,2,'257.37','3.59'),(81,3,'432.78','6.58'),(81,4,'481.27','8.40'),(81,5,'556.55','9.90'),(82,1,'98.56','1.98'),(82,2,'259.24','3.59'),(82,3,'434.31','6.58'),(82,4,'483.93','8.40'),(82,5,'560.73','9.90'),(83,1,'99.35','1.98'),(83,2,'261.11','3.59'),(83,3,'435.85','6.58'),(83,4,'486.58','8.40'),(83,5,'564.90','9.90'),(84,1,'100.14','1.98'),(84,2,'262.98','3.59'),(84,3,'437.38','6.58'),(84,4,'489.24','8.40'),(84,5,'569.08','9.90'),(85,1,'100.92','1.98'),(85,2,'264.85','3.59'),(85,3,'438.91','6.58'),(85,4,'491.90','8.40'),(85,5,'573.25','9.90'),(86,1,'101.71','1.98'),(86,2,'266.72','3.59'),(86,3,'440.44','6.58'),(86,4,'494.55','8.40'),(86,5,'577.42','9.90'),(87,1,'102.49','1.98'),(87,2,'268.59','3.59'),(87,3,'441.97','6.58'),(87,4,'497.21','8.40'),(87,5,'581.60','9.90'),(88,1,'103.28','1.98'),(88,2,'270.46','3.59'),(88,3,'443.50','6.58'),(88,4,'499.87','8.40'),(88,5,'585.77','9.90'),(89,1,'104.07','1.98'),(89,2,'272.33','3.59'),(89,3,'445.03','6.58'),(89,4,'502.52','8.40'),(89,5,'589.95','9.90'),(90,1,'104.85','1.98'),(90,2,'274.20','3.59'),(90,3,'446.57','6.58'),(90,4,'505.18','8.40'),(90,5,'594.12','9.90'),(91,1,'105.64','1.98'),(91,2,'276.07','3.59'),(91,3,'448.10','6.58'),(91,4,'507.83','8.40'),(91,5,'598.29','9.90'),(92,1,'106.42','1.98'),(92,2,'277.94','3.59'),(92,3,'449.63','6.58'),(92,4,'510.49','8.40'),(92,5,'602.47','9.90'),(93,1,'107.21','1.98'),(93,2,'279.81','3.59'),(93,3,'451.16','6.58'),(93,4,'513.15','8.40'),(93,5,'606.64','9.90'),(94,1,'108.00','1.98'),(94,2,'281.68','3.59'),(94,3,'452.69','6.58'),(94,4,'515.80','8.40'),(94,5,'610.82','9.90'),(95,1,'108.78','1.98'),(95,2,'283.55','3.59'),(95,3,'454.22','6.58'),(95,4,'518.46','8.40'),(95,5,'614.99','9.90'),(96,1,'109.57','1.98'),(96,2,'285.42','3.59'),(96,3,'455.75','6.58'),(96,4,'521.12','8.40'),(96,5,'619.16','9.90'),(97,1,'110.35','1.98'),(97,2,'287.29','3.59'),(97,3,'457.29','6.58'),(97,4,'523.77','8.40'),(97,5,'623.34','9.90'),(98,1,'111.14','1.98'),(98,2,'289.16','3.59'),(98,3,'458.82','6.58'),(98,4,'526.43','8.40'),(98,5,'627.51','9.90'),(99,1,'111.93','1.98'),(99,2,'291.03','3.59'),(99,3,'460.35','6.58'),(99,4,'529.08','8.40'),(99,5,'631.69','9.90'),(100,1,'112.71','1.98'),(100,2,'292.90','3.59'),(100,3,'461.88','6.58'),(100,4,'531.74','8.40'),(100,5,'635.86','9.90'),(101,1,'114.39','1.98'),(101,2,'295.99','3.59'),(101,3,'467.46','6.58'),(101,4,'538.88','8.40'),(101,5,'644.21','9.90'),(102,1,'116.07','1.98'),(102,2,'299.08','3.59'),(102,3,'473.05','6.58'),(102,4,'546.02','8.40'),(102,5,'652.56','9.90'),(103,1,'117.75','1.98'),(103,2,'302.17','3.59'),(103,3,'478.63','6.58'),(103,4,'553.17','8.40'),(103,5,'660.90','9.90'),(104,1,'119.43','1.98'),(104,2,'305.26','3.59'),(104,3,'484.21','6.58'),(104,4,'560.31','8.40'),(104,5,'669.25','9.90'),(105,1,'121.11','1.98'),(105,2,'308.35','3.59'),(105,3,'489.80','6.58'),(105,4,'567.45','8.40'),(105,5,'677.60','9.90'),(106,1,'122.79','1.98'),(106,2,'311.44','3.59'),(106,3,'495.38','6.58'),(106,4,'574.59','8.40'),(106,5,'685.95','9.90'),(107,1,'124.48','1.98'),(107,2,'314.53','3.59'),(107,3,'500.96','6.58'),(107,4,'581.73','8.40'),(107,5,'694.30','9.90'),(108,1,'126.16','1.98'),(108,2,'317.62','3.59'),(108,3,'506.55','6.58'),(108,4,'588.88','8.40'),(108,5,'702.64','9.90'),(109,1,'127.84','1.98'),(109,2,'320.71','3.59'),(109,3,'512.13','6.58'),(109,4,'596.02','8.40'),(109,5,'710.99','9.90'),(110,1,'129.52','1.98'),(110,2,'323.80','3.59'),(110,3,'517.71','6.58'),(110,4,'603.16','8.40'),(110,5,'719.34','9.90'),(111,1,'131.20','1.98'),(111,2,'326.89','3.59'),(111,3,'523.30','6.58'),(111,4,'610.30','8.40'),(111,5,'727.69','9.90'),(112,1,'132.88','1.98'),(112,2,'329.98','3.59'),(112,3,'528.88','6.58'),(112,4,'617.44','8.40'),(112,5,'736.04','9.90'),(113,1,'134.56','1.98'),(113,2,'333.07','3.59'),(113,3,'534.46','6.58'),(113,4,'624.58','8.40'),(113,5,'744.38','9.90'),(114,1,'136.24','1.98'),(114,2,'336.16','3.59'),(114,3,'540.05','6.58'),(114,4,'631.73','8.40'),(114,5,'752.73','9.90'),(115,1,'137.92','1.98'),(115,2,'339.25','3.59'),(115,3,'545.63','6.58'),(115,4,'638.87','8.40'),(115,5,'761.08','9.90'),(116,1,'139.60','1.98'),(116,2,'342.34','3.59'),(116,3,'551.21','6.58'),(116,4,'646.01','8.40'),(116,5,'769.43','9.90'),(117,1,'141.28','1.98'),(117,2,'345.43','3.59'),(117,3,'556.80','6.58'),(117,4,'653.15','8.40'),(117,5,'777.78','9.90'),(118,1,'142.96','1.98'),(118,2,'348.52','3.59'),(118,3,'562.38','6.58'),(118,4,'660.29','8.40'),(118,5,'786.12','9.90'),(119,1,'144.64','1.98'),(119,2,'351.61','3.59'),(119,3,'567.96','6.58'),(119,4,'667.44','8.40'),(119,5,'794.47','9.90'),(120,1,'146.32','1.98'),(120,2,'354.70','3.59'),(120,3,'573.55','6.58'),(120,4,'674.58','8.40'),(120,5,'802.82','9.90'),(121,1,'148.00','1.98'),(121,2,'357.79','3.59'),(121,3,'579.13','6.58'),(121,4,'681.72','8.40'),(121,5,'811.17','9.90'),(122,1,'149.68','1.98'),(122,2,'360.88','3.59'),(122,3,'584.71','6.58'),(122,4,'688.86','8.40'),(122,5,'819.52','9.90'),(123,1,'151.36','1.98'),(123,2,'363.97','3.59'),(123,3,'590.30','6.58'),(123,4,'696.00','8.40'),(123,5,'827.86','9.90'),(124,1,'153.04','1.98'),(124,2,'367.06','3.59'),(124,3,'595.88','6.58'),(124,4,'703.15','8.40'),(124,5,'836.21','9.90'),(125,1,'154.72','1.98'),(125,2,'370.15','3.59'),(125,3,'601.46','6.58'),(125,4,'710.29','8.40'),(125,5,'844.56','9.90'),(126,1,'156.40','1.98'),(126,2,'373.24','3.59'),(126,3,'607.05','6.58'),(126,4,'717.43','8.40'),(126,5,'852.91','9.90'),(127,1,'158.08','1.98'),(127,2,'376.33','3.59'),(127,3,'612.63','6.58'),(127,4,'724.57','8.40'),(127,5,'861.26','9.90'),(128,1,'159.76','1.98'),(128,2,'379.42','3.59'),(128,3,'618.22','6.58'),(128,4,'731.71','8.40'),(128,5,'869.60','9.90'),(129,1,'161.44','1.98'),(129,2,'382.51','3.59'),(129,3,'623.80','6.58'),(129,4,'738.86','8.40'),(129,5,'877.95','9.90'),(130,1,'163.13','1.98'),(130,2,'385.60','3.59'),(130,3,'629.38','6.58'),(130,4,'746.00','8.40'),(130,5,'886.30','9.90'),(131,1,'164.81','1.98'),(131,2,'388.68','3.59'),(131,3,'634.97','6.58'),(131,4,'753.14','8.40'),(131,5,'894.65','9.90'),(132,1,'166.49','1.98'),(132,2,'391.77','3.59'),(132,3,'640.55','6.58'),(132,4,'760.28','8.40'),(132,5,'903.00','9.90'),(133,1,'168.17','1.98'),(133,2,'394.86','3.59'),(133,3,'646.13','6.58'),(133,4,'767.42','8.40'),(133,5,'911.34','9.90'),(134,1,'169.85','1.98'),(134,2,'397.95','3.59'),(134,3,'651.72','6.58'),(134,4,'774.56','8.40'),(134,5,'919.69','9.90'),(135,1,'171.53','1.98'),(135,2,'401.04','3.59'),(135,3,'657.30','6.58'),(135,4,'781.71','8.40'),(135,5,'928.04','9.90'),(136,1,'173.21','1.98'),(136,2,'404.13','3.59'),(136,3,'662.88','6.58'),(136,4,'788.85','8.40'),(136,5,'936.39','9.90'),(137,1,'174.89','1.98'),(137,2,'407.22','3.59'),(137,3,'668.47','6.58'),(137,4,'795.99','8.40'),(137,5,'944.74','9.90'),(138,1,'176.57','1.98'),(138,2,'410.31','3.59'),(138,3,'674.05','6.58'),(138,4,'803.13','8.40'),(138,5,'953.09','9.90'),(139,1,'178.25','1.98'),(139,2,'413.40','3.59'),(139,3,'679.63','6.58'),(139,4,'810.27','8.40'),(139,5,'961.43','9.90'),(140,1,'179.93','1.98'),(140,2,'416.49','3.59'),(140,3,'685.22','6.58'),(140,4,'817.42','8.40'),(140,5,'969.78','9.90'),(141,1,'181.61','1.98'),(141,2,'419.58','3.59'),(141,3,'690.80','6.58'),(141,4,'824.56','8.40'),(141,5,'978.13','9.90'),(142,1,'183.29','1.98'),(142,2,'422.67','3.59'),(142,3,'696.38','6.58'),(142,4,'831.70','8.40'),(142,5,'986.48','9.90'),(143,1,'184.97','1.98'),(143,2,'425.76','3.59'),(143,3,'701.97','6.58'),(143,4,'838.84','8.40'),(143,5,'994.83','9.90'),(144,1,'186.65','1.98'),(144,2,'428.85','3.59'),(144,3,'707.55','6.58'),(144,4,'845.98','8.40'),(144,5,'1003.17','9.90'),(145,1,'188.33','1.98'),(145,2,'431.94','3.59'),(145,3,'713.13','6.58'),(145,4,'853.13','8.40'),(145,5,'1011.52','9.90'),(146,1,'190.01','1.98'),(146,2,'435.03','3.59'),(146,3,'718.72','6.58'),(146,4,'860.27','8.40'),(146,5,'1019.87','9.90'),(147,1,'191.69','1.98'),(147,2,'438.12','3.59'),(147,3,'724.30','6.58'),(147,4,'867.41','8.40'),(147,5,'1028.22','9.90'),(148,1,'193.37','1.98'),(148,2,'441.21','3.59'),(148,3,'729.88','6.58'),(148,4,'874.55','8.40'),(148,5,'1036.57','9.90'),(149,1,'195.05','1.98'),(149,2,'444.30','3.59'),(149,3,'735.47','6.58'),(149,4,'881.69','8.40'),(149,5,'1044.91','9.90'),(150,1,'196.73','1.98'),(150,2,'447.39','3.59'),(150,3,'741.05','6.58'),(150,4,'888.84','8.40'),(150,5,'1053.26','9.90'),(151,1,'198.41','1.98'),(151,2,'450.48','3.59'),(151,3,'746.63','6.58'),(151,4,'895.98','8.40'),(151,5,'1061.61','9.90'),(152,1,'200.10','1.98'),(152,2,'453.57','3.59'),(152,3,'752.22','6.58'),(152,4,'903.12','8.40'),(152,5,'1069.96','9.90'),(153,1,'201.78','1.98'),(153,2,'456.66','3.59'),(153,3,'757.80','6.58'),(153,4,'910.26','8.40'),(153,5,'1078.31','9.90'),(154,1,'203.46','1.98'),(154,2,'459.75','3.59'),(154,3,'763.38','6.58'),(154,4,'917.40','8.40'),(154,5,'1086.65','9.90'),(155,1,'205.14','1.98'),(155,2,'462.84','3.59'),(155,3,'768.97','6.58'),(155,4,'924.54','8.40'),(155,5,'1095.00','9.90'),(156,1,'206.82','1.98'),(156,2,'465.93','3.59'),(156,3,'774.55','6.58'),(156,4,'931.69','8.40'),(156,5,'1103.35','9.90'),(157,1,'208.50','1.98'),(157,2,'469.02','3.59'),(157,3,'780.13','6.58'),(157,4,'938.83','8.40'),(157,5,'1111.70','9.90'),(158,1,'210.18','1.98'),(158,2,'472.11','3.59'),(158,3,'785.72','6.58'),(158,4,'945.97','8.40'),(158,5,'1120.05','9.90'),(159,1,'211.86','1.98'),(159,2,'475.20','3.59'),(159,3,'791.30','6.58'),(159,4,'953.11','8.40'),(159,5,'1128.39','9.90'),(160,1,'213.54','1.98'),(160,2,'478.29','3.59'),(160,3,'796.88','6.58'),(160,4,'960.25','8.40'),(160,5,'1136.74','9.90'),(161,1,'215.22','1.98'),(161,2,'481.38','3.59'),(161,3,'802.47','6.58'),(161,4,'967.40','8.40'),(161,5,'1145.09','9.90'),(162,1,'216.90','1.98'),(162,2,'484.47','3.59'),(162,3,'808.05','6.58'),(162,4,'974.54','8.40'),(162,5,'1153.44','9.90'),(163,1,'218.58','1.98'),(163,2,'487.56','3.59'),(163,3,'813.63','6.58'),(163,4,'981.68','8.40'),(163,5,'1161.79','9.90'),(164,1,'220.26','1.98'),(164,2,'490.65','3.59'),(164,3,'819.22','6.58'),(164,4,'988.82','8.40'),(164,5,'1170.13','9.90'),(165,1,'221.94','1.98'),(165,2,'493.74','3.59'),(165,3,'824.80','6.58'),(165,4,'995.96','8.40'),(165,5,'1178.48','9.90'),(166,1,'223.62','1.98'),(166,2,'496.83','3.59'),(166,3,'830.39','6.58'),(166,4,'1003.11','8.40'),(166,5,'1186.83','9.90'),(167,1,'225.30','1.98'),(167,2,'499.92','3.59'),(167,3,'835.97','6.58'),(167,4,'1010.25','8.40'),(167,5,'1195.18','9.90'),(168,1,'226.98','1.98'),(168,2,'503.01','3.59'),(168,3,'841.55','6.58'),(168,4,'1017.39','8.40'),(168,5,'1203.53','9.90'),(169,1,'228.66','1.98'),(169,2,'506.10','3.59'),(169,3,'847.14','6.58'),(169,4,'1024.53','8.40'),(169,5,'1211.87','9.90'),(170,1,'230.34','1.98'),(170,2,'509.19','3.59'),(170,3,'852.72','6.58'),(170,4,'1031.67','8.40'),(170,5,'1220.22','9.90'),(171,1,'232.02','1.98'),(171,2,'512.28','3.59'),(171,3,'858.30','6.58'),(171,4,'1038.82','8.40'),(171,5,'1228.57','9.90'),(172,1,'233.70','1.98'),(172,2,'515.37','3.59'),(172,3,'863.89','6.58'),(172,4,'1045.96','8.40'),(172,5,'1236.92','9.90'),(173,1,'235.38','1.98'),(173,2,'518.46','3.59'),(173,3,'869.47','6.58'),(173,4,'1053.10','8.40'),(173,5,'1245.27','9.90'),(174,1,'237.07','1.98'),(174,2,'521.55','3.59'),(174,3,'875.05','6.58'),(174,4,'1060.24','8.40'),(174,5,'1253.61','9.90'),(175,1,'238.75','1.98'),(175,2,'524.64','3.59'),(175,3,'880.64','6.58'),(175,4,'1067.38','8.40'),(175,5,'1261.96','9.90'),(176,1,'240.43','1.98'),(176,2,'527.73','3.59'),(176,3,'886.22','6.58'),(176,4,'1074.52','8.40'),(176,5,'1270.31','9.90'),(177,1,'242.11','1.98'),(177,2,'530.82','3.59'),(177,3,'891.80','6.58'),(177,4,'1081.67','8.40'),(177,5,'1278.66','9.90'),(178,1,'243.79','1.98'),(178,2,'533.91','3.59'),(178,3,'897.39','6.58'),(178,4,'1088.81','8.40'),(178,5,'1287.01','9.90'),(179,1,'245.47','1.98'),(179,2,'537.00','3.59'),(179,3,'902.97','6.58'),(179,4,'1095.95','8.40'),(179,5,'1295.35','9.90'),(180,1,'247.15','1.98'),(180,2,'540.09','3.59'),(180,3,'908.55','6.58'),(180,4,'1103.09','8.40'),(180,5,'1303.70','9.90'),(181,1,'248.83','1.98'),(181,2,'543.18','3.59'),(181,3,'914.14','6.58'),(181,4,'1110.23','8.40'),(181,5,'1312.05','9.90'),(182,1,'250.51','1.98'),(182,2,'546.27','3.59'),(182,3,'919.72','6.58'),(182,4,'1117.38','8.40'),(182,5,'1320.40','9.90'),(183,1,'252.19','1.98'),(183,2,'549.36','3.59'),(183,3,'925.30','6.58'),(183,4,'1124.52','8.40'),(183,5,'1328.75','9.90'),(184,1,'253.87','1.98'),(184,2,'552.45','3.59'),(184,3,'930.89','6.58'),(184,4,'1131.66','8.40'),(184,5,'1337.09','9.90'),(185,1,'255.55','1.98'),(185,2,'555.54','3.59'),(185,3,'936.47','6.58'),(185,4,'1138.80','8.40'),(185,5,'1345.44','9.90'),(186,1,'257.23','1.98'),(186,2,'558.63','3.59'),(186,3,'942.05','6.58'),(186,4,'1145.94','8.40'),(186,5,'1353.79','9.90'),(187,1,'258.91','1.98'),(187,2,'561.72','3.59'),(187,3,'947.64','6.58'),(187,4,'1153.09','8.40'),(187,5,'1362.14','9.90'),(188,1,'260.59','1.98'),(188,2,'564.81','3.59'),(188,3,'953.22','6.58'),(188,4,'1160.23','8.40'),(188,5,'1370.49','9.90'),(189,1,'262.27','1.98'),(189,2,'567.90','3.59'),(189,3,'958.80','6.58'),(189,4,'1167.37','8.40'),(189,5,'1378.83','9.90'),(190,1,'263.95','1.98'),(190,2,'570.99','3.59'),(190,3,'964.39','6.58'),(190,4,'1174.51','8.40'),(190,5,'1387.18','9.90'),(191,1,'265.63','1.98'),(191,2,'574.08','3.59'),(191,3,'969.97','6.58'),(191,4,'1181.65','8.40'),(191,5,'1395.53','9.90'),(192,1,'267.31','1.98'),(192,2,'577.17','3.59'),(192,3,'975.55','6.58'),(192,4,'1188.79','8.40'),(192,5,'1403.88','9.90'),(193,1,'268.99','1.98'),(193,2,'580.26','3.59'),(193,3,'981.14','6.58'),(193,4,'1195.94','8.40'),(193,5,'1412.23','9.90'),(194,1,'270.67','1.98'),(194,2,'583.35','3.59'),(194,3,'986.72','6.58'),(194,4,'1203.08','8.40'),(194,5,'1420.57','9.90'),(195,1,'272.35','1.98'),(195,2,'586.44','3.59'),(195,3,'992.30','6.58'),(195,4,'1210.22','8.40'),(195,5,'1428.92','9.90'),(196,1,'274.03','1.98'),(196,2,'589.53','3.59'),(196,3,'997.89','6.58'),(196,4,'1217.36','8.40'),(196,5,'1437.27','9.90'),(197,1,'275.72','1.98'),(197,2,'592.62','3.59'),(197,3,'1003.47','6.58'),(197,4,'1224.50','8.40'),(197,5,'1445.62','9.90'),(198,1,'277.40','1.98'),(198,2,'595.71','3.59'),(198,3,'1009.05','6.58'),(198,4,'1231.65','8.40'),(198,5,'1453.97','9.90'),(199,1,'279.08','1.98'),(199,2,'598.80','3.59'),(199,3,'1014.64','6.58'),(199,4,'1238.79','8.40'),(199,5,'1462.32','9.90'),(200,1,'280.76','1.98'),(200,2,'601.88','3.59'),(200,3,'1020.22','6.58'),(200,4,'1245.93','8.40'),(200,5,'1470.66','9.90'),(201,1,'282.44','1.98'),(201,2,'604.97','3.59'),(201,3,'1025.81','6.58'),(201,4,'1253.07','8.40'),(201,5,'1479.01','9.90'),(202,1,'284.12','1.98'),(202,2,'608.06','3.59'),(202,3,'1031.39','6.58'),(202,4,'1260.21','8.40'),(202,5,'1487.36','9.90'),(203,1,'285.80','1.98'),(203,2,'611.15','3.59'),(203,3,'1036.97','6.58'),(203,4,'1267.36','8.40'),(203,5,'1495.71','9.90'),(204,1,'287.48','1.98'),(204,2,'614.24','3.59'),(204,3,'1042.56','6.58'),(204,4,'1274.50','8.40'),(204,5,'1504.06','9.90'),(205,1,'289.16','1.98'),(205,2,'617.33','3.59'),(205,3,'1048.14','6.58'),(205,4,'1281.64','8.40'),(205,5,'1512.40','9.90'),(206,1,'290.84','1.98'),(206,2,'620.42','3.59'),(206,3,'1053.72','6.58'),(206,4,'1288.78','8.40'),(206,5,'1520.75','9.90'),(207,1,'292.52','1.98'),(207,2,'623.51','3.59'),(207,3,'1059.31','6.58'),(207,4,'1295.92','8.40'),(207,5,'1529.10','9.90'),(208,1,'294.20','1.98'),(208,2,'626.60','3.59'),(208,3,'1064.89','6.58'),(208,4,'1303.07','8.40'),(208,5,'1537.45','9.90'),(209,1,'295.88','1.98'),(209,2,'629.69','3.59'),(209,3,'1070.47','6.58'),(209,4,'1310.21','8.40'),(209,5,'1545.80','9.90'),(210,1,'297.56','1.98'),(210,2,'632.78','3.59'),(210,3,'1076.06','6.58'),(210,4,'1317.35','8.40'),(210,5,'1554.14','9.90'),(211,1,'299.24','1.98'),(211,2,'635.87','3.59'),(211,3,'1081.64','6.58'),(211,4,'1324.49','8.40'),(211,5,'1562.49','9.90'),(212,1,'300.92','1.98'),(212,2,'638.96','3.59'),(212,3,'1087.22','6.58'),(212,4,'1331.63','8.40'),(212,5,'1570.84','9.90'),(213,1,'302.60','1.98'),(213,2,'642.05','3.59'),(213,3,'1092.81','6.58'),(213,4,'1338.77','8.40'),(213,5,'1579.19','9.90'),(214,1,'304.28','1.98'),(214,2,'645.14','3.59'),(214,3,'1098.39','6.58'),(214,4,'1345.92','8.40'),(214,5,'1587.54','9.90'),(215,1,'305.96','1.98'),(215,2,'648.23','3.59'),(215,3,'1103.97','6.58'),(215,4,'1353.06','8.40'),(215,5,'1595.88','9.90'),(216,1,'307.64','1.98'),(216,2,'651.32','3.59'),(216,3,'1109.56','6.58'),(216,4,'1360.20','8.40'),(216,5,'1604.23','9.90'),(217,1,'309.32','1.98'),(217,2,'654.41','3.59'),(217,3,'1115.14','6.58'),(217,4,'1367.34','8.40'),(217,5,'1612.58','9.90'),(218,1,'311.00','1.98'),(218,2,'657.50','3.59'),(218,3,'1120.72','6.58'),(218,4,'1374.48','8.40'),(218,5,'1620.93','9.90'),(219,1,'312.69','1.98'),(219,2,'660.59','3.59'),(219,3,'1126.31','6.58'),(219,4,'1381.63','8.40'),(219,5,'1629.28','9.90'),(220,1,'314.37','1.98'),(220,2,'663.68','3.59'),(220,3,'1131.89','6.58'),(220,4,'1388.77','8.40'),(220,5,'1637.62','9.90'),(221,1,'316.05','1.98'),(221,2,'666.77','3.59'),(221,3,'1137.47','6.58'),(221,4,'1395.91','8.40'),(221,5,'1645.97','9.90'),(222,1,'317.73','1.98'),(222,2,'669.86','3.59'),(222,3,'1143.06','6.58'),(222,4,'1403.05','8.40'),(222,5,'1654.32','9.90'),(223,1,'319.41','1.98'),(223,2,'672.95','3.59'),(223,3,'1148.64','6.58'),(223,4,'1410.19','8.40'),(223,5,'1662.67','9.90'),(224,1,'321.09','1.98'),(224,2,'676.04','3.59'),(224,3,'1154.22','6.58'),(224,4,'1417.34','8.40'),(224,5,'1671.02','9.90'),(225,1,'322.77','1.98'),(225,2,'679.13','3.59'),(225,3,'1159.81','6.58'),(225,4,'1424.48','8.40'),(225,5,'1679.36','9.90'),(226,1,'324.45','1.98'),(226,2,'682.22','3.59'),(226,3,'1165.39','6.58'),(226,4,'1431.62','8.40'),(226,5,'1687.71','9.90'),(227,1,'326.13','1.98'),(227,2,'685.31','3.59'),(227,3,'1170.97','6.58'),(227,4,'1438.76','8.40'),(227,5,'1696.06','9.90'),(228,1,'327.81','1.98'),(228,2,'688.40','3.59'),(228,3,'1176.56','6.58'),(228,4,'1445.90','8.40'),(228,5,'1704.41','9.90'),(229,1,'329.49','1.98'),(229,2,'691.49','3.59'),(229,3,'1182.14','6.58'),(229,4,'1453.05','8.40'),(229,5,'1712.76','9.90'),(230,1,'331.17','1.98'),(230,2,'694.58','3.59'),(230,3,'1187.72','6.58'),(230,4,'1460.19','8.40'),(230,5,'1721.10','9.90'),(231,1,'332.85','1.98'),(231,2,'697.67','3.59'),(231,3,'1193.31','6.58'),(231,4,'1467.33','8.40'),(231,5,'1729.45','9.90'),(232,1,'334.53','1.98'),(232,2,'700.76','3.59'),(232,3,'1198.89','6.58'),(232,4,'1474.47','8.40'),(232,5,'1737.80','9.90'),(233,1,'336.21','1.98'),(233,2,'703.85','3.59'),(233,3,'1204.47','6.58'),(233,4,'1481.61','8.40'),(233,5,'1746.15','9.90'),(234,1,'337.89','1.98'),(234,2,'706.94','3.59'),(234,3,'1210.06','6.58'),(234,4,'1488.75','8.40'),(234,5,'1754.50','9.90'),(235,1,'339.57','1.98'),(235,2,'710.03','3.59'),(235,3,'1215.64','6.58'),(235,4,'1495.90','8.40'),(235,5,'1762.84','9.90'),(236,1,'341.25','1.98'),(236,2,'713.12','3.59'),(236,3,'1221.22','6.58'),(236,4,'1503.04','8.40'),(236,5,'1771.19','9.90'),(237,1,'342.93','1.98'),(237,2,'716.21','3.59'),(237,3,'1226.81','6.58'),(237,4,'1510.18','8.40'),(237,5,'1779.54','9.90'),(238,1,'344.61','1.98'),(238,2,'719.30','3.59'),(238,3,'1232.39','6.58'),(238,4,'1517.32','8.40'),(238,5,'1787.89','9.90'),(239,1,'346.29','1.98'),(239,2,'722.39','3.59'),(239,3,'1237.98','6.58'),(239,4,'1524.46','8.40'),(239,5,'1796.24','9.90'),(240,1,'347.97','1.98'),(240,2,'725.48','3.59'),(240,3,'1243.56','6.58'),(240,4,'1531.61','8.40'),(240,5,'1804.58','9.90'),(241,1,'349.66','1.98'),(241,2,'728.57','3.59'),(241,3,'1249.14','6.58'),(241,4,'1538.75','8.40'),(241,5,'1812.93','9.90'),(242,1,'351.34','1.98'),(242,2,'731.66','3.59'),(242,3,'1254.73','6.58'),(242,4,'1545.89','8.40'),(242,5,'1821.28','9.90'),(243,1,'353.02','1.98'),(243,2,'734.75','3.59'),(243,3,'1260.31','6.58'),(243,4,'1553.03','8.40'),(243,5,'1829.63','9.90'),(244,1,'354.70','1.98'),(244,2,'737.84','3.59'),(244,3,'1265.89','6.58'),(244,4,'1560.17','8.40'),(244,5,'1837.98','9.90'),(245,1,'356.38','1.98'),(245,2,'740.93','3.59'),(245,3,'1271.48','6.58'),(245,4,'1567.32','8.40'),(245,5,'1846.32','9.90'),(246,1,'358.06','1.98'),(246,2,'744.02','3.59'),(246,3,'1277.06','6.58'),(246,4,'1574.46','8.40'),(246,5,'1854.67','9.90'),(247,1,'359.74','1.98'),(247,2,'747.11','3.59'),(247,3,'1282.64','6.58'),(247,4,'1581.60','8.40'),(247,5,'1863.02','9.90'),(248,1,'361.42','1.98'),(248,2,'750.20','3.59'),(248,3,'1288.23','6.58'),(248,4,'1588.74','8.40'),(248,5,'1871.37','9.90'),(249,1,'363.10','1.98'),(249,2,'753.29','3.59'),(249,3,'1293.81','6.58'),(249,4,'1595.88','8.40'),(249,5,'1879.72','9.90'),(250,1,'364.78','1.98'),(250,2,'756.38','3.59'),(250,3,'1299.39','6.58'),(250,4,'1603.03','8.40'),(250,5,'1888.06','9.90'),(251,1,'366.46','1.98'),(251,2,'759.47','3.59'),(251,3,'1304.98','6.58'),(251,4,'1610.17','8.40'),(251,5,'1896.41','9.90'),(252,1,'368.14','1.98'),(252,2,'762.56','3.59'),(252,3,'1310.56','6.58'),(252,4,'1617.31','8.40'),(252,5,'1904.76','9.90'),(253,1,'369.82','1.98'),(253,2,'765.65','3.59'),(253,3,'1316.14','6.58'),(253,4,'1624.45','8.40'),(253,5,'1913.11','9.90'),(254,1,'371.50','1.98'),(254,2,'768.74','3.59'),(254,3,'1321.73','6.58'),(254,4,'1631.59','8.40'),(254,5,'1921.46','9.90'),(255,1,'373.18','1.98'),(255,2,'771.83','3.59'),(255,3,'1327.31','6.58'),(255,4,'1638.73','8.40'),(255,5,'1929.80','9.90'),(256,1,'374.86','1.98'),(256,2,'774.92','3.59'),(256,3,'1332.89','6.58'),(256,4,'1645.88','8.40'),(256,5,'1938.15','9.90'),(257,1,'376.54','1.98'),(257,2,'778.01','3.59'),(257,3,'1338.48','6.58'),(257,4,'1653.02','8.40'),(257,5,'1946.50','9.90'),(258,1,'378.22','1.98'),(258,2,'781.10','3.59'),(258,3,'1344.06','6.58'),(258,4,'1660.16','8.40'),(258,5,'1954.85','9.90'),(259,1,'379.90','1.98'),(259,2,'784.19','3.59'),(259,3,'1349.64','6.58'),(259,4,'1667.30','8.40'),(259,5,'1963.20','9.90'),(260,1,'381.58','1.98'),(260,2,'787.28','3.59'),(260,3,'1355.23','6.58'),(260,4,'1674.44','8.40'),(260,5,'1971.54','9.90'),(261,1,'383.26','1.98'),(261,2,'790.37','3.59'),(261,3,'1360.81','6.58'),(261,4,'1681.59','8.40'),(261,5,'1979.89','9.90'),(262,1,'384.94','1.98'),(262,2,'793.46','3.59'),(262,3,'1366.39','6.58'),(262,4,'1688.73','8.40'),(262,5,'1988.24','9.90'),(263,1,'386.63','1.98'),(263,2,'796.55','3.59'),(263,3,'1371.98','6.58'),(263,4,'1695.87','8.40'),(263,5,'1996.59','9.90'),(264,1,'388.31','1.98'),(264,2,'799.64','3.59'),(264,3,'1377.56','6.58'),(264,4,'1703.01','8.40'),(264,5,'2004.94','9.90'),(265,1,'389.99','1.98'),(265,2,'802.73','3.59'),(265,3,'1383.14','6.58'),(265,4,'1710.15','8.40'),(265,5,'2013.29','9.90'),(266,1,'391.67','1.98'),(266,2,'805.82','3.59'),(266,3,'1388.73','6.58'),(266,4,'1717.30','8.40'),(266,5,'2021.63','9.90'),(267,1,'393.35','1.98'),(267,2,'808.91','3.59'),(267,3,'1394.31','6.58'),(267,4,'1724.44','8.40'),(267,5,'2029.98','9.90'),(268,1,'395.03','1.98'),(268,2,'812.00','3.59'),(268,3,'1399.89','6.58'),(268,4,'1731.58','8.40'),(268,5,'2038.33','9.90'),(269,1,'396.71','1.98'),(269,2,'815.09','3.59'),(269,3,'1405.48','6.58'),(269,4,'1738.72','8.40'),(269,5,'2046.68','9.90'),(270,1,'398.39','1.98'),(270,2,'818.17','3.59'),(270,3,'1411.06','6.58'),(270,4,'1745.86','8.40'),(270,5,'2055.03','9.90'),(271,1,'400.07','1.98'),(271,2,'821.26','3.59'),(271,3,'1416.64','6.58'),(271,4,'1753.01','8.40'),(271,5,'2063.37','9.90'),(272,1,'401.75','1.98'),(272,2,'824.35','3.59'),(272,3,'1422.23','6.58'),(272,4,'1760.15','8.40'),(272,5,'2071.72','9.90'),(273,1,'403.43','1.98'),(273,2,'827.44','3.59'),(273,3,'1427.81','6.58'),(273,4,'1767.29','8.40'),(273,5,'2080.07','9.90'),(274,1,'405.11','1.98'),(274,2,'830.53','3.59'),(274,3,'1433.40','6.58'),(274,4,'1774.43','8.40'),(274,5,'2088.42','9.90'),(275,1,'406.79','1.98'),(275,2,'833.62','3.59'),(275,3,'1438.98','6.58'),(275,4,'1781.57','8.40'),(275,5,'2096.77','9.90'),(276,1,'408.47','1.98'),(276,2,'836.71','3.59'),(276,3,'1444.56','6.58'),(276,4,'1788.71','8.40'),(276,5,'2105.11','9.90'),(277,1,'410.15','1.98'),(277,2,'839.80','3.59'),(277,3,'1450.15','6.58'),(277,4,'1795.86','8.40'),(277,5,'2113.46','9.90'),(278,1,'411.83','1.98'),(278,2,'842.89','3.59'),(278,3,'1455.73','6.58'),(278,4,'1803.00','8.40'),(278,5,'2121.81','9.90'),(279,1,'413.51','1.98'),(279,2,'845.98','3.59'),(279,3,'1461.31','6.58'),(279,4,'1810.14','8.40'),(279,5,'2130.16','9.90'),(280,1,'415.19','1.98'),(280,2,'849.07','3.59'),(280,3,'1466.90','6.58'),(280,4,'1817.28','8.40'),(280,5,'2138.51','9.90'),(281,1,'416.87','1.98'),(281,2,'852.16','3.59'),(281,3,'1472.48','6.58'),(281,4,'1824.42','8.40'),(281,5,'2146.85','9.90'),(282,1,'418.55','1.98'),(282,2,'855.25','3.59'),(282,3,'1478.06','6.58'),(282,4,'1831.57','8.40'),(282,5,'2155.20','9.90'),(283,1,'420.23','1.98'),(283,2,'858.34','3.59'),(283,3,'1483.65','6.58'),(283,4,'1838.71','8.40'),(283,5,'2163.55','9.90'),(284,1,'421.91','1.98'),(284,2,'861.43','3.59'),(284,3,'1489.23','6.58'),(284,4,'1845.85','8.40'),(284,5,'2171.90','9.90'),(285,1,'423.59','1.98'),(285,2,'864.52','3.59'),(285,3,'1494.81','6.58'),(285,4,'1852.99','8.40'),(285,5,'2180.25','9.90'),(286,1,'425.28','1.98'),(286,2,'867.61','3.59'),(286,3,'1500.40','6.58'),(286,4,'1860.13','8.40'),(286,5,'2188.59','9.90'),(287,1,'426.96','1.98'),(287,2,'870.70','3.59'),(287,3,'1505.98','6.58'),(287,4,'1867.28','8.40'),(287,5,'2196.94','9.90'),(288,1,'428.64','1.98'),(288,2,'873.79','3.59'),(288,3,'1511.56','6.58'),(288,4,'1874.42','8.40'),(288,5,'2205.29','9.90'),(289,1,'430.32','1.98'),(289,2,'876.88','3.59'),(289,3,'1517.15','6.58'),(289,4,'1881.56','8.40'),(289,5,'2213.64','9.90'),(290,1,'432.00','1.98'),(290,2,'879.97','3.59'),(290,3,'1522.73','6.58'),(290,4,'1888.70','8.40'),(290,5,'2221.99','9.90'),(291,1,'433.68','1.98'),(291,2,'883.06','3.59'),(291,3,'1528.31','6.58'),(291,4,'1895.84','8.40'),(291,5,'2230.33','9.90'),(292,1,'435.36','1.98'),(292,2,'886.15','3.59'),(292,3,'1533.90','6.58'),(292,4,'1902.99','8.40'),(292,5,'2238.68','9.90'),(293,1,'437.04','1.98'),(293,2,'889.24','3.59'),(293,3,'1539.48','6.58'),(293,4,'1910.13','8.40'),(293,5,'2247.03','9.90'),(294,1,'438.72','1.98'),(294,2,'892.33','3.59'),(294,3,'1545.06','6.58'),(294,4,'1917.27','8.40'),(294,5,'2255.38','9.90'),(295,1,'440.40','1.98'),(295,2,'895.42','3.59'),(295,3,'1550.65','6.58'),(295,4,'1924.41','8.40'),(295,5,'2263.73','9.90'),(296,1,'442.08','1.98'),(296,2,'898.51','3.59'),(296,3,'1556.23','6.58'),(296,4,'1931.55','8.40'),(296,5,'2272.07','9.90'),(297,1,'443.76','1.98'),(297,2,'901.60','3.59'),(297,3,'1561.81','6.58'),(297,4,'1938.69','8.40'),(297,5,'2280.42','9.90'),(298,1,'445.44','1.98'),(298,2,'904.69','3.59'),(298,3,'1567.40','6.58'),(298,4,'1945.84','8.40'),(298,5,'2288.77','9.90'),(299,1,'447.12','1.98'),(299,2,'907.78','3.59'),(299,3,'1572.98','6.58'),(299,4,'1952.98','8.40'),(299,5,'2297.12','9.90'),(300,1,'448.80','1.98'),(300,2,'910.87','3.59'),(300,3,'1578.56','6.58'),(300,4,'1960.12','8.40'),(300,5,'2305.47','9.90'),(301,1,'450.48','1.98'),(301,2,'913.96','3.59'),(301,3,'1584.15','6.58'),(301,4,'1967.26','8.40'),(301,5,'2313.81','9.90'),(302,1,'452.16','1.98'),(302,2,'917.05','3.59'),(302,3,'1589.73','6.58'),(302,4,'1974.40','8.40'),(302,5,'2322.16','9.90'),(303,1,'453.84','1.98'),(303,2,'920.14','3.59'),(303,3,'1595.31','6.58'),(303,4,'1981.55','8.40'),(303,5,'2330.51','9.90'),(304,1,'455.52','1.98'),(304,2,'923.23','3.59'),(304,3,'1600.90','6.58'),(304,4,'1988.69','8.40'),(304,5,'2338.86','9.90'),(305,1,'457.20','1.98'),(305,2,'926.32','3.59'),(305,3,'1606.48','6.58'),(305,4,'1995.83','8.40'),(305,5,'2347.21','9.90'),(306,1,'458.88','1.98'),(306,2,'929.41','3.59'),(306,3,'1612.06','6.58'),(306,4,'2002.97','8.40'),(306,5,'2355.55','9.90'),(307,1,'460.56','1.98'),(307,2,'932.50','3.59'),(307,3,'1617.65','6.58'),(307,4,'2010.11','8.40'),(307,5,'2363.90','9.90'),(308,1,'462.25','1.98'),(308,2,'935.59','3.59'),(308,3,'1623.23','6.58'),(308,4,'2017.26','8.40'),(308,5,'2372.25','9.90'),(309,1,'463.93','1.98'),(309,2,'938.68','3.59'),(309,3,'1628.81','6.58'),(309,4,'2024.40','8.40'),(309,5,'2380.60','9.90'),(310,1,'465.61','1.98'),(310,2,'941.77','3.59'),(310,3,'1634.40','6.58'),(310,4,'2031.54','8.40'),(310,5,'2388.95','9.90'),(311,1,'467.29','1.98'),(311,2,'944.86','3.59'),(311,3,'1639.98','6.58'),(311,4,'2038.68','8.40'),(311,5,'2397.29','9.90'),(312,1,'468.97','1.98'),(312,2,'947.95','3.59'),(312,3,'1645.57','6.58'),(312,4,'2045.82','8.40'),(312,5,'2405.64','9.90'),(313,1,'470.65','1.98'),(313,2,'951.04','3.59'),(313,3,'1651.15','6.58'),(313,4,'2052.97','8.40'),(313,5,'2413.99','9.90'),(314,1,'472.33','1.98'),(314,2,'954.13','3.59'),(314,3,'1656.73','6.58'),(314,4,'2060.11','8.40'),(314,5,'2422.34','9.90'),(315,1,'474.01','1.98'),(315,2,'957.22','3.59'),(315,3,'1662.32','6.58'),(315,4,'2067.25','8.40'),(315,5,'2430.69','9.90'),(316,1,'475.69','1.98'),(316,2,'960.31','3.59'),(316,3,'1667.90','6.58'),(316,4,'2074.39','8.40'),(316,5,'2439.03','9.90'),(317,1,'477.37','1.98'),(317,2,'963.40','3.59'),(317,3,'1673.48','6.58'),(317,4,'2081.53','8.40'),(317,5,'2447.38','9.90'),(318,1,'479.05','1.98'),(318,2,'966.49','3.59'),(318,3,'1679.07','6.58'),(318,4,'2088.67','8.40'),(318,5,'2455.73','9.90'),(319,1,'480.73','1.98'),(319,2,'969.58','3.59'),(319,3,'1684.65','6.58'),(319,4,'2095.82','8.40'),(319,5,'2464.08','9.90'),(320,1,'482.41','1.98'),(320,2,'972.67','3.59'),(320,3,'1690.23','6.58'),(320,4,'2102.96','8.40'),(320,5,'2472.43','9.90'),(321,1,'484.09','1.98'),(321,2,'975.76','3.59'),(321,3,'1695.82','6.58'),(321,4,'2110.10','8.40'),(321,5,'2480.77','9.90'),(322,1,'485.77','1.98'),(322,2,'978.85','3.59'),(322,3,'1701.40','6.58'),(322,4,'2117.24','8.40'),(322,5,'2489.12','9.90'),(323,1,'487.45','1.98'),(323,2,'981.94','3.59'),(323,3,'1706.98','6.58'),(323,4,'2124.38','8.40'),(323,5,'2497.47','9.90'),(324,1,'489.13','1.98'),(324,2,'985.03','3.59'),(324,3,'1712.57','6.58'),(324,4,'2131.53','8.40'),(324,5,'2505.82','9.90'),(325,1,'490.81','1.98'),(325,2,'988.12','3.59'),(325,3,'1718.15','6.58'),(325,4,'2138.67','8.40'),(325,5,'2514.17','9.90'),(326,1,'492.49','1.98'),(326,2,'991.21','3.59'),(326,3,'1723.73','6.58'),(326,4,'2145.81','8.40'),(326,5,'2522.52','9.90'),(327,1,'494.17','1.98'),(327,2,'994.30','3.59'),(327,3,'1729.32','6.58'),(327,4,'2152.95','8.40'),(327,5,'2530.86','9.90'),(328,1,'495.85','1.98'),(328,2,'997.39','3.59'),(328,3,'1734.90','6.58'),(328,4,'2160.09','8.40'),(328,5,'2539.21','9.90'),(329,1,'497.53','1.98'),(329,2,'1000.48','3.59'),(329,3,'1740.48','6.58'),(329,4,'2167.24','8.40'),(329,5,'2547.56','9.90'),(330,1,'499.22','1.98'),(330,2,'1003.57','3.59'),(330,3,'1746.07','6.58'),(330,4,'2174.38','8.40'),(330,5,'2555.91','9.90'),(331,1,'500.90','1.98'),(331,2,'1006.66','3.59'),(331,3,'1751.65','6.58'),(331,4,'2181.52','8.40'),(331,5,'2564.26','9.90'),(332,1,'502.58','1.98'),(332,2,'1009.75','3.59'),(332,3,'1757.23','6.58'),(332,4,'2188.66','8.40'),(332,5,'2572.60','9.90'),(333,1,'504.26','1.98'),(333,2,'1012.84','3.59'),(333,3,'1762.82','6.58'),(333,4,'2195.80','8.40'),(333,5,'2580.95','9.90'),(334,1,'505.94','1.98'),(334,2,'1015.93','3.59'),(334,3,'1768.40','6.58'),(334,4,'2202.95','8.40'),(334,5,'2589.30','9.90'),(335,1,'507.62','1.98'),(335,2,'1019.02','3.59'),(335,3,'1773.98','6.58'),(335,4,'2210.09','8.40'),(335,5,'2597.65','9.90'),(336,1,'509.30','1.98'),(336,2,'1022.11','3.59'),(336,3,'1779.57','6.58'),(336,4,'2217.23','8.40'),(336,5,'2606.00','9.90'),(337,1,'510.98','1.98'),(337,2,'1025.20','3.59'),(337,3,'1785.15','6.58'),(337,4,'2224.37','8.40'),(337,5,'2614.34','9.90'),(338,1,'512.66','1.98'),(338,2,'1028.29','3.59'),(338,3,'1790.73','6.58'),(338,4,'2231.51','8.40'),(338,5,'2622.69','9.90'),(339,1,'514.34','1.98'),(339,2,'1031.37','3.59'),(339,3,'1796.32','6.58'),(339,4,'2238.65','8.40'),(339,5,'2631.04','9.90'),(340,1,'516.02','1.98'),(340,2,'1034.46','3.59'),(340,3,'1801.90','6.58'),(340,4,'2245.80','8.40'),(340,5,'2639.39','9.90'),(341,1,'517.70','1.98'),(341,2,'1037.55','3.59'),(341,3,'1807.48','6.58'),(341,4,'2252.94','8.40'),(341,5,'2647.74','9.90'),(342,1,'519.38','1.98'),(342,2,'1040.64','3.59'),(342,3,'1813.07','6.58'),(342,4,'2260.08','8.40'),(342,5,'2656.08','9.90'),(343,1,'521.06','1.98'),(343,2,'1043.73','3.59'),(343,3,'1818.65','6.58'),(343,4,'2267.22','8.40'),(343,5,'2664.43','9.90'),(344,1,'522.74','1.98'),(344,2,'1046.82','3.59'),(344,3,'1824.23','6.58'),(344,4,'2274.36','8.40'),(344,5,'2672.78','9.90'),(345,1,'524.42','1.98'),(345,2,'1049.91','3.59'),(345,3,'1829.82','6.58'),(345,4,'2281.51','8.40'),(345,5,'2681.13','9.90'),(346,1,'526.10','1.98'),(346,2,'1053.00','3.59'),(346,3,'1835.40','6.58'),(346,4,'2288.65','8.40'),(346,5,'2689.48','9.90'),(347,1,'527.78','1.98'),(347,2,'1056.09','3.59'),(347,3,'1840.98','6.58'),(347,4,'2295.79','8.40'),(347,5,'2697.82','9.90'),(348,1,'529.46','1.98'),(348,2,'1059.18','3.59'),(348,3,'1846.57','6.58'),(348,4,'2302.93','8.40'),(348,5,'2706.17','9.90'),(349,1,'531.14','1.98'),(349,2,'1062.27','3.59'),(349,3,'1852.15','6.58'),(349,4,'2310.07','8.40'),(349,5,'2714.52','9.90'),(350,1,'532.82','1.98'),(350,2,'1065.36','3.59'),(350,3,'1857.74','6.58'),(350,4,'2317.22','8.40'),(350,5,'2722.87','9.90'),(351,1,'534.50','1.98'),(351,2,'1068.45','3.59'),(351,3,'1863.32','6.58'),(351,4,'2324.36','8.40'),(351,5,'2731.22','9.90'),(352,1,'536.18','1.98'),(352,2,'1071.54','3.59'),(352,3,'1868.90','6.58'),(352,4,'2331.50','8.40'),(352,5,'2739.56','9.90'),(353,1,'537.87','1.98'),(353,2,'1074.63','3.59'),(353,3,'1874.49','6.58'),(353,4,'2338.64','8.40'),(353,5,'2747.91','9.90'),(354,1,'539.55','1.98'),(354,2,'1077.72','3.59'),(354,3,'1880.07','6.58'),(354,4,'2345.78','8.40'),(354,5,'2756.26','9.90'),(355,1,'541.23','1.98'),(355,2,'1080.81','3.59'),(355,3,'1885.65','6.58'),(355,4,'2352.93','8.40'),(355,5,'2764.61','9.90'),(356,1,'542.91','1.98'),(356,2,'1083.90','3.59'),(356,3,'1891.24','6.58'),(356,4,'2360.07','8.40'),(356,5,'2772.96','9.90'),(357,1,'544.59','1.98'),(357,2,'1086.99','3.59'),(357,3,'1896.82','6.58'),(357,4,'2367.21','8.40'),(357,5,'2781.30','9.90'),(358,1,'546.27','1.98'),(358,2,'1090.08','3.59'),(358,3,'1902.40','6.58'),(358,4,'2374.35','8.40'),(358,5,'2789.65','9.90'),(359,1,'547.95','1.98'),(359,2,'1093.17','3.59'),(359,3,'1907.99','6.58'),(359,4,'2381.49','8.40'),(359,5,'2798.00','9.90'),(360,1,'549.63','1.98'),(360,2,'1096.26','3.59'),(360,3,'1913.57','6.58'),(360,4,'2388.63','8.40'),(360,5,'2806.35','9.90'),(361,1,'551.31','1.98'),(361,2,'1099.35','3.59'),(361,3,'1919.15','6.58'),(361,4,'2395.78','8.40'),(361,5,'2814.70','9.90'),(362,1,'552.99','1.98'),(362,2,'1102.44','3.59'),(362,3,'1924.74','6.58'),(362,4,'2402.92','8.40'),(362,5,'2823.04','9.90'),(363,1,'554.67','1.98'),(363,2,'1105.53','3.59'),(363,3,'1930.32','6.58'),(363,4,'2410.06','8.40'),(363,5,'2831.39','9.90'),(364,1,'556.35','1.98'),(364,2,'1108.62','3.59'),(364,3,'1935.90','6.58'),(364,4,'2417.20','8.40'),(364,5,'2839.74','9.90'),(365,1,'558.03','1.98'),(365,2,'1111.71','3.59'),(365,3,'1941.49','6.58'),(365,4,'2424.34','8.40'),(365,5,'2848.09','9.90'),(366,1,'559.71','1.98'),(366,2,'1114.80','3.59'),(366,3,'1947.07','6.58'),(366,4,'2431.49','8.40'),(366,5,'2856.44','9.90'),(367,1,'561.39','1.98'),(367,2,'1117.89','3.59'),(367,3,'1952.65','6.58'),(367,4,'2438.63','8.40'),(367,5,'2864.78','9.90'),(368,1,'563.07','1.98'),(368,2,'1120.98','3.59'),(368,3,'1958.24','6.58'),(368,4,'2445.77','8.40'),(368,5,'2873.13','9.90'),(369,1,'564.75','1.98'),(369,2,'1124.07','3.59'),(369,3,'1963.82','6.58'),(369,4,'2452.91','8.40'),(369,5,'2881.48','9.90'),(370,1,'566.43','1.98'),(370,2,'1127.16','3.59'),(370,3,'1969.40','6.58'),(370,4,'2460.05','8.40'),(370,5,'2889.83','9.90'),(371,1,'568.11','1.98'),(371,2,'1130.25','3.59'),(371,3,'1974.99','6.58'),(371,4,'2467.20','8.40'),(371,5,'2898.18','9.90'),(372,1,'569.79','1.98'),(372,2,'1133.34','3.59'),(372,3,'1980.57','6.58'),(372,4,'2474.34','8.40'),(372,5,'2906.52','9.90'),(373,1,'571.47','1.98'),(373,2,'1136.43','3.59'),(373,3,'1986.15','6.58'),(373,4,'2481.48','8.40'),(373,5,'2914.87','9.90'),(374,1,'573.15','1.98'),(374,2,'1139.52','3.59'),(374,3,'1991.74','6.58'),(374,4,'2488.62','8.40'),(374,5,'2923.22','9.90'),(375,1,'574.84','1.98'),(375,2,'1142.61','3.59'),(375,3,'1997.32','6.58'),(375,4,'2495.76','8.40'),(375,5,'2931.57','9.90'),(376,1,'576.52','1.98'),(376,2,'1145.70','3.59'),(376,3,'2002.90','6.58'),(376,4,'2502.91','8.40'),(376,5,'2939.92','9.90'),(377,1,'578.20','1.98'),(377,2,'1148.79','3.59'),(377,3,'2008.49','6.58'),(377,4,'2510.05','8.40'),(377,5,'2948.26','9.90'),(378,1,'579.88','1.98'),(378,2,'1151.88','3.59'),(378,3,'2014.07','6.58'),(378,4,'2517.19','8.40'),(378,5,'2956.61','9.90'),(379,1,'581.56','1.98'),(379,2,'1154.97','3.59'),(379,3,'2019.65','6.58'),(379,4,'2524.33','8.40'),(379,5,'2964.96','9.90'),(380,1,'583.24','1.98'),(380,2,'1158.06','3.59'),(380,3,'2025.24','6.58'),(380,4,'2531.47','8.40'),(380,5,'2973.31','9.90'),(381,1,'584.92','1.98'),(381,2,'1161.15','3.59'),(381,3,'2030.82','6.58'),(381,4,'2538.61','8.40'),(381,5,'2981.66','9.90'),(382,1,'586.60','1.98'),(382,2,'1164.24','3.59'),(382,3,'2036.40','6.58'),(382,4,'2545.76','8.40'),(382,5,'2990.00','9.90'),(383,1,'588.28','1.98'),(383,2,'1167.33','3.59'),(383,3,'2041.99','6.58'),(383,4,'2552.90','8.40'),(383,5,'2998.35','9.90'),(384,1,'589.96','1.98'),(384,2,'1170.42','3.59'),(384,3,'2047.57','6.58'),(384,4,'2560.04','8.40'),(384,5,'3006.70','9.90'),(385,1,'591.64','1.98'),(385,2,'1173.51','3.59'),(385,3,'2053.16','6.58'),(385,4,'2567.18','8.40'),(385,5,'3015.05','9.90'),(386,1,'593.32','1.98'),(386,2,'1176.60','3.59'),(386,3,'2058.74','6.58'),(386,4,'2574.32','8.40'),(386,5,'3023.40','9.90'),(387,1,'595.00','1.98'),(387,2,'1179.69','3.59'),(387,3,'2064.32','6.58'),(387,4,'2581.47','8.40'),(387,5,'3031.75','9.90'),(388,1,'596.68','1.98'),(388,2,'1182.78','3.59'),(388,3,'2069.91','6.58'),(388,4,'2588.61','8.40'),(388,5,'3040.09','9.90'),(389,1,'598.36','1.98'),(389,2,'1185.87','3.59'),(389,3,'2075.49','6.58'),(389,4,'2595.75','8.40'),(389,5,'3048.44','9.90'),(390,1,'600.04','1.98'),(390,2,'1188.96','3.59'),(390,3,'2081.07','6.58'),(390,4,'2602.89','8.40'),(390,5,'3056.79','9.90'),(391,1,'601.72','1.98'),(391,2,'1192.05','3.59'),(391,3,'2086.66','6.58'),(391,4,'2610.03','8.40'),(391,5,'3065.14','9.90'),(392,1,'603.40','1.98'),(392,2,'1195.14','3.59'),(392,3,'2092.24','6.58'),(392,4,'2617.18','8.40'),(392,5,'3073.49','9.90'),(393,1,'605.08','1.98'),(393,2,'1198.23','3.59'),(393,3,'2097.82','6.58'),(393,4,'2624.32','8.40'),(393,5,'3081.83','9.90'),(394,1,'606.76','1.98'),(394,2,'1201.32','3.59'),(394,3,'2103.41','6.58'),(394,4,'2631.46','8.40'),(394,5,'3090.18','9.90'),(395,1,'608.44','1.98'),(395,2,'1204.41','3.59'),(395,3,'2108.99','6.58'),(395,4,'2638.60','8.40'),(395,5,'3098.53','9.90'),(396,1,'610.12','1.98'),(396,2,'1207.50','3.59'),(396,3,'2114.57','6.58'),(396,4,'2645.74','8.40'),(396,5,'3106.88','9.90'),(397,1,'611.81','1.98'),(397,2,'1210.59','3.59'),(397,3,'2120.16','6.58'),(397,4,'2652.89','8.40'),(397,5,'3115.23','9.90'),(398,1,'613.49','1.98'),(398,2,'1213.68','3.59'),(398,3,'2125.74','6.58'),(398,4,'2660.03','8.40'),(398,5,'3123.57','9.90'),(399,1,'615.17','1.98'),(399,2,'1216.77','3.59'),(399,3,'2131.32','6.58'),(399,4,'2667.17','8.40'),(399,5,'3131.92','9.90'),(400,1,'616.85','1.98'),(400,2,'1219.86','3.59'),(400,3,'2136.91','6.58'),(400,4,'2674.31','8.40'),(400,5,'3140.27','9.90');
/*!40000 ALTER TABLE `dhl_precios` ENABLE KEYS */;
UNLOCK TABLES;

--
-- Table structure for table `dhl_zonas`
--

DROP TABLE IF EXISTS `dhl_zonas`;
/*!40101 SET @saved_cs_client     = @@character_set_client */;
/*!40101 SET character_set_client = utf8 */;
CREATE TABLE `dhl_zonas` (
  `IdZona` bigint(20) unsigned NOT NULL AUTO_INCREMENT,
  `Nombre` varchar(255) NOT NULL,
  PRIMARY KEY (`IdZona`)
) ENGINE=InnoDB AUTO_INCREMENT=6 DEFAULT CHARSET=latin1;
/*!40101 SET character_set_client = @saved_cs_client */;

--
-- Dumping data for table `dhl_zonas`
--

LOCK TABLES `dhl_zonas` WRITE;
/*!40000 ALTER TABLE `dhl_zonas` DISABLE KEYS */;
INSERT INTO `dhl_zonas` VALUES (1,'Zona1'),(2,'Zona2'),(3,'Zona3'),(4,'Zona4'),(5,'Zona5');
/*!40000 ALTER TABLE `dhl_zonas` ENABLE KEYS */;
UNLOCK TABLES;

--
-- Table structure for table `dhl_zonas_x_provincias`
--

DROP TABLE IF EXISTS `dhl_zonas_x_provincias`;
/*!40101 SET @saved_cs_client     = @@character_set_client */;
/*!40101 SET character_set_client = utf8 */;
CREATE TABLE `dhl_zonas_x_provincias` (
  `IdZonaPcia` bigint(20) unsigned NOT NULL AUTO_INCREMENT,
  `IdProvincia` bigint(20) unsigned DEFAULT NULL,
  `IdZona` bigint(20) unsigned DEFAULT NULL,
  PRIMARY KEY (`IdZonaPcia`)
) ENGINE=InnoDB AUTO_INCREMENT=26 DEFAULT CHARSET=latin1;
/*!40101 SET character_set_client = @saved_cs_client */;

--
-- Dumping data for table `dhl_zonas_x_provincias`
--

LOCK TABLES `dhl_zonas_x_provincias` WRITE;
/*!40000 ALTER TABLE `dhl_zonas_x_provincias` DISABLE KEYS */;
INSERT INTO `dhl_zonas_x_provincias` VALUES (1,53,2),(2,54,1),(3,55,3),(4,56,3),(5,57,4),(6,58,2),(7,59,3),(8,60,2),(9,61,3),(10,62,4),(11,63,2),(12,64,3),(13,65,3),(14,66,3),(15,67,4),(16,68,4),(17,69,4),(18,70,3),(19,71,2),(20,72,4),(21,73,2),(22,74,3),(23,75,5),(24,76,3),(25,77,1);
/*!40000 ALTER TABLE `dhl_zonas_x_provincias` ENABLE KEYS */;
UNLOCK TABLES;
/*!40103 SET TIME_ZONE=@OLD_TIME_ZONE */;

/*!40101 SET SQL_MODE=@OLD_SQL_MODE */;
/*!40014 SET FOREIGN_KEY_CHECKS=@OLD_FOREIGN_KEY_CHECKS */;
/*!40014 SET UNIQUE_CHECKS=@OLD_UNIQUE_CHECKS */;
/*!40101 SET CHARACTER_SET_CLIENT=@OLD_CHARACTER_SET_CLIENT */;
/*!40101 SET CHARACTER_SET_RESULTS=@OLD_CHARACTER_SET_RESULTS */;
/*!40101 SET COLLATION_CONNECTION=@OLD_COLLATION_CONNECTION */;
/*!40111 SET SQL_NOTES=@OLD_SQL_NOTES */;

-- Dump completed on 2012-11-27  8:41:24
